Time,CPU Usage (%),Memory Usage (%),Disk Read (MB),Disk Write (MB),Download Speed (KB/s),Upload Speed (KB/s)
16:47:33,1.6,69.5,6923.7,2330.28,0.41,11.75
16:47:33,2.5,69.9,6923.7,2330.36,0.41,11.75
16:47:35,0.9,69.9,6923.7,2330.4,0.06,0.05
16:47:36,2.9,69.9,6923.7,2330.78,0.44,4.75
16:47:37,2.2,69.8,6923.7,2330.78,0.37,4.7
16:47:38,2.9,69.9,6923.73,2331.0,0.71,4.79
16:47:39,1.1,69.8,6923.74,2331.08,0.96,9.4
16:47:40,2.8,69.9,6923.95,2331.15,0.25,4.61
16:47:41,1.5,69.8,6923.95,2331.23,0.0,0.0
16:47:42,2.0,69.9,6923.95,2331.23,0.0,4.55
16:47:43,0.5,69.7,6923.95,2331.31,0.3,4.64
16:47:44,1.4,69.7,6923.95,2331.32,0.3,4.64
16:47:45,0.8,69.7,6923.95,2331.33,0.25,4.61
16:47:46,0.7,69.7,6923.95,2331.33,0.25,4.61
16:47:47,1.8,69.7,6923.95,2331.47,0.25,4.61
16:47:48,2.1,69.7,6923.95,2331.47,0.25,4.63
16:47:50,1.3,70.4,6923.95,2331.5,0.46,6.14
16:47:50,3.4,70.3,6923.95,2331.5,0.46,6.45
16:47:52,1.3,70.4,6923.95,2331.66,0.25,4.94
16:47:52,1.4,70.0,6923.95,2331.66,0.56,4.69
16:47:54,3.1,70.6,6924.41,2332.11,0.46,4.69
16:47:54,3.5,70.7,6924.41,2332.11,0.16,4.61
16:47:56,1.8,70.7,6924.51,2332.51,0.34,4.68
16:47:56,2.3,70.6,6924.51,2332.51,0.34,4.68
16:47:58,2.1,70.6,6924.53,2332.54,4.04,5.3
16:47:58,2.1,70.5,6924.53,2332.54,4.65,5.9
16:48:00,1.7,70.5,6924.53,2332.89,0.87,5.21
16:48:00,2.7,70.4,6924.53,2332.89,0.25,4.61
16:48:02,3.0,71.0,6924.56,2333.11,112.22,40.47
16:48:02,3.2,71.1,6924.56,2333.15,116.69,46.62
16:48:04,4.7,71.3,6925.27,2333.57,2135.5,59.31
16:48:04,4.6,71.7,6925.52,2335.99,2142.61,63.35
16:48:06,4.8,74.4,6935.62,2337.08,538.78,143.58
16:48:06,4.8,74.6,6935.77,2337.11,534.26,138.32
16:48:08,3.1,75.0,6936.1,2337.94,14.77,17.28
16:48:08,3.4,75.0,6936.1,2338.08,12.18,12.94
16:48:10,4.1,75.8,6937.11,2344.34,208.83,9.03
16:48:10,4.0,75.8,6937.11,2344.34,204.35,8.44
16:48:12,1.8,75.9,6937.11,2346.79,0.55,4.93
16:48:12,2.0,75.7,6937.11,2349.62,1.05,4.98
16:48:14,1.7,75.5,6937.11,2351.78,0.8,4.69
16:48:14,1.8,75.4,6937.11,2351.78,0.31,4.64
16:48:16,2.9,75.3,6937.3,2353.93,0.36,4.71
16:48:16,3.4,75.3,6937.3,2353.93,0.36,4.71
16:48:18,1.3,75.1,6937.3,2372.46,0.25,4.61
16:48:18,1.6,75.1,6937.3,2372.46,0.25,4.61
16:48:20,2.1,75.0,6937.3,2372.83,0.74,4.95
16:48:20,1.8,74.6,6937.3,2372.83,0.74,4.95
16:48:22,1.8,74.8,6937.3,2373.33,0.53,4.81
16:48:22,2.0,74.8,6937.3,2373.33,0.53,4.81
16:48:24,3.1,74.9,6937.3,2373.67,16.16,11.12
16:48:25,3.6,75.0,6937.3,2373.7,16.16,11.12
16:48:26,2.9,75.7,6937.3,2374.21,0.82,5.37
16:48:27,5.8,75.7,6937.3,2374.26,48.18,11.69
16:48:28,2.5,75.8,6937.3,2374.64,85.49,26.37
16:48:29,3.2,75.8,6937.3,2374.65,38.12,20.06
16:48:30,1.8,75.0,6937.78,2375.39,26.85,24.56
16:48:31,2.2,75.2,6937.78,2375.39,27.41,24.71
16:48:33,1.7,75.1,6937.78,2376.33,0.87,4.79
16:48:33,1.9,75.1,6937.78,2376.36,0.3,5.77
16:48:35,4.8,74.5,6937.78,2377.29,28.35,31.7
16:48:35,5.1,74.4,6937.78,2377.29,28.35,30.57
16:48:37,3.0,74.3,6937.89,2378.08,4.73,13.28
16:48:37,3.7,74.3,6937.89,2378.08,6.14,14.6
16:48:39,3.5,74.4,6938.91,2378.42,7.88,10.07
16:48:39,3.1,74.9,6938.91,2378.44,6.48,8.99
16:48:41,4.7,75.2,6938.92,2378.88,44.29,8.44
16:48:41,5.2,75.4,6938.92,2378.92,44.49,8.8
16:48:43,3.6,75.2,6938.92,2379.57,20.53,13.3
16:48:43,3.8,75.2,6938.92,2379.57,20.33,12.72
16:48:45,2.2,75.2,6938.92,2379.84,0.42,5.16
16:48:45,3.5,76.1,6938.92,2379.84,38.96,10.44
16:48:47,2.8,75.4,6938.95,2380.25,103.9,29.54
16:48:47,3.2,75.3,6938.95,2380.25,65.36,24.26
16:48:49,2.8,77.9,6939.2,2380.88,33.03,25.31
16:48:49,3.4,77.9,6939.2,2380.88,33.03,25.36
16:48:51,1.0,77.9,6939.23,2381.7,8.69,8.82
16:48:51,1.7,77.9,6939.23,2381.7,8.69,8.76
16:48:53,4.5,77.9,6941.72,2381.95,14.5,59.35
16:48:53,4.5,77.9,6941.72,2381.95,15.47,62.56
16:48:55,2.3,77.9,6941.86,2382.37,5.79,15.78
16:48:55,4.7,77.9,6942.06,2382.37,4.92,12.57
16:48:57,4.6,78.8,6950.35,2382.7,13.35,12.13
16:48:57,2.6,78.8,6950.35,2382.7,13.24,12.13
16:48:59,3.9,79.8,6968.68,2384.03,43.98,124.59
16:48:59,4.0,79.8,6968.68,2384.03,43.98,120.03
16:49:01,16.7,80.6,6971.45,2385.27,17.68,7.92
16:49:01,15.0,80.8,6971.46,2385.79,26.89,9.31
16:49:03,5.2,81.0,6974.7,2386.88,19.96,18.59
16:49:03,5.6,81.0,6974.7,2386.88,10.75,17.2
16:49:05,9.0,83.2,6975.93,2389.05,3.16,1.79
16:49:06,9.2,83.2,6975.96,2389.61,7.4,7.68
16:49:07,10.1,83.6,6976.18,2391.44,23.46,15.54
16:49:08,9.0,83.6,6976.18,2391.44,19.29,17.15
16:49:09,5.7,83.9,6979.93,2392.38,1.75,8.12
16:49:10,5.0,83.8,6979.93,2392.88,3.1,5.23
16:49:11,7.7,83.6,6979.94,2393.61,6.64,17.49
16:49:12,9.0,83.6,6979.95,2393.67,12.12,19.0
16:49:13,5.7,83.6,6979.96,2393.96,13.11,13.11
16:49:14,3.8,83.6,6979.96,2394.33,6.21,11.6
16:49:15,9.2,83.2,6979.97,2395.08,6.53,8.78
16:49:16,9.5,83.3,6980.01,2395.08,6.77,11.34
16:49:17,9.8,83.2,6980.03,2395.86,47.48,41.46
16:49:18,10.9,83.2,6980.03,2395.99,48.66,38.89
16:49:20,9.9,83.2,6980.04,2396.38,6.66,13.7
16:49:20,10.1,83.2,6980.04,2396.57,5.24,13.71
16:49:22,11.3,83.3,6980.05,2397.03,33.78,20.74
16:49:22,10.3,83.3,6980.05,2397.13,33.96,22.27
16:49:24,10.7,83.3,6980.07,2397.61,3.11,6.81
16:49:24,9.7,83.3,6980.07,2397.62,3.08,5.28
16:49:26,11.6,83.3,6980.07,2397.97,5.12,13.37
16:49:26,10.3,83.2,6980.07,2398.03,5.24,13.53
16:49:28,5.3,83.2,6980.08,2398.47,5.57,12.51
16:49:28,8.8,81.8,6980.08,2398.47,5.43,13.8
16:49:30,4.8,81.7,6980.09,2399.07,6.89,9.72
16:49:30,4.6,81.0,6980.09,2454.02,7.18,11.1
16:49:32,5.3,80.9,6980.18,2454.74,3.38,11.24
16:49:32,4.7,80.9,6980.21,2454.76,6.22,8.63
16:49:34,12.3,82.0,6980.27,2455.63,5.41,13.65
16:49:34,13.0,82.2,6980.27,2456.06,2.47,13.71
16:49:36,3.4,82.2,6980.27,2456.36,5.61,13.7
16:49:36,4.3,82.0,6980.28,2456.42,6.51,13.52
16:49:38,2.6,81.9,6980.31,2457.03,6.61,8.2
16:49:38,3.3,81.1,6980.31,2457.44,5.61,10.89
16:49:40,3.4,79.7,6980.68,2458.01,1.82,10.96
16:49:40,3.0,79.5,6980.68,2458.01,3.72,8.36
16:49:42,3.0,79.3,6980.96,2458.11,6.91,13.62
16:49:42,2.7,79.3,6980.97,2458.34,5.1,13.59
16:49:44,2.9,79.3,6980.97,2458.93,33.5,31.28
16:49:44,2.4,79.2,6980.97,2458.93,35.67,35.16
16:49:46,1.9,79.1,6981.0,2459.35,13.29,15.4
16:49:46,2.5,79.1,6981.0,2459.37,11.18,14.21
16:49:48,5.7,79.0,6981.0,2459.63,3.45,11.14
16:49:48,1.8,78.9,6981.0,2459.63,6.51,8.52
16:49:50,4.8,78.5,6981.01,2460.86,5.02,13.67
16:49:51,5.0,78.5,6981.01,2461.02,2.09,13.92
16:49:52,6.3,77.5,6981.01,2461.29,5.64,14.08
16:49:53,5.9,77.4,6981.01,2461.65,6.48,13.67
16:49:54,5.4,77.7,6981.03,2461.89,1.42,4.91
16:49:55,4.3,77.7,6981.03,2461.98,0.32,4.79
16:49:56,2.6,77.8,6981.03,2462.01,0.41,4.92
16:49:57,1.9,77.8,6981.03,2462.01,0.41,5.01
16:49:58,3.3,77.8,6981.03,2462.34,0.44,4.92
16:49:59,2.4,79.0,6981.03,2462.37,0.44,4.88
16:50:00,2.7,80.3,6981.24,2463.46,11.08,19.64
16:50:01,3.1,80.2,6981.24,2463.46,11.16,20.22
16:50:02,2.8,80.0,6981.24,2463.67,7.94,7.78
16:50:03,2.8,79.9,6981.31,2463.88,7.85,7.25
16:50:04,1.4,79.8,6981.31,2464.61,2.71,53.93
16:50:05,1.6,79.6,6981.31,2464.62,2.72,54.07
16:50:06,0.9,79.5,6981.31,2464.83,17.81,9.11
16:50:07,0.6,79.5,6981.31,2464.86,17.65,8.97
16:50:08,1.3,79.5,6981.31,2464.87,0.25,4.76
16:50:09,1.7,79.5,6981.31,2464.87,0.14,4.68
16:50:10,0.5,79.5,6981.31,2465.36,0.37,6.14
16:50:11,1.3,79.5,6981.31,2465.36,0.57,6.14
16:50:12,1.9,79.4,6981.32,2465.41,9.84,10.79
16:50:13,2.1,79.4,6981.32,2465.41,9.95,10.79
16:50:15,0.7,79.4,6981.32,2465.43,0.31,4.68
16:50:15,0.9,79.4,6981.32,2465.43,0.25,4.83
16:50:17,0.8,79.3,6982.73,2467.63,0.56,4.86
16:50:17,1.0,79.4,6982.73,2467.63,0.51,4.77
16:50:19,0.4,79.4,6982.83,2467.64,0.27,4.82
16:50:19,1.2,79.4,6982.83,2467.64,0.31,4.89
16:50:21,1.6,79.4,6982.83,2467.86,13.12,15.11
16:50:21,5.5,78.9,6982.83,2467.86,49.81,40.99
16:50:23,1.6,78.9,6982.83,2467.9,51.91,37.67
16:50:23,2.3,78.9,6982.83,2467.9,15.23,11.71
16:50:25,2.4,78.9,6982.83,2467.93,0.25,4.61
16:50:25,2.8,78.9,6982.83,2467.93,0.25,4.68
16:50:27,2.2,78.8,6982.83,2468.15,0.25,4.68
16:50:27,2.5,78.8,6982.83,2468.15,0.35,4.69
16:50:29,2.2,78.8,6982.92,2468.19,0.53,4.82
16:50:29,3.3,78.8,6982.98,2468.19,0.66,4.73
16:50:31,2.6,79.0,6983.01,2468.67,0.67,4.71
16:50:31,2.2,79.1,6983.01,2468.7,0.44,4.71
16:50:33,5.3,78.0,6983.14,2470.68,0.4,4.67
16:50:33,5.5,77.9,6983.14,2470.68,0.15,4.62
16:50:35,3.0,78.0,6983.14,2472.99,0.54,4.76
16:50:35,3.5,77.4,6983.14,2512.03,0.79,4.81
16:50:37,2.5,77.3,6983.14,2512.08,0.31,4.66
16:50:37,3.1,77.3,6983.14,2512.08,0.32,4.66
16:50:39,3.4,77.2,6983.14,2512.09,0.42,4.61
16:50:40,2.1,77.3,6983.17,2512.93,0.42,4.64
16:50:41,1.3,77.4,6983.17,2513.24,0.56,4.64
16:50:42,2.7,77.4,6983.17,2513.24,1.03,4.79
16:50:43,2.2,77.4,6983.17,2513.35,0.98,4.79
16:50:44,3.1,77.2,6983.17,2513.45,0.52,4.61
16:50:45,2.9,78.3,6984.17,2513.9,230.12,32.7
16:50:46,2.1,78.2,6984.17,2513.93,230.12,32.73
16:50:47,2.7,78.3,6984.17,2514.98,0.3,4.64
16:50:48,1.8,78.3,6984.17,2514.98,0.3,4.61
16:50:49,2.4,78.3,6984.26,2515.32,0.29,4.65
16:50:50,3.7,78.4,6984.26,2515.34,0.29,4.65
16:50:51,2.1,78.4,6984.28,2516.18,0.36,4.71
16:50:52,1.7,78.4,6984.28,2516.18,0.73,4.83
16:50:53,4.3,78.6,6986.98,2516.61,0.62,4.73
16:50:54,1.8,78.5,6986.98,2516.61,0.25,4.61
16:50:55,2.8,78.5,6986.98,2517.38,0.25,4.61
16:50:56,1.7,78.5,6986.98,2517.38,0.25,4.61
16:50:57,2.1,78.5,6986.98,2517.65,0.25,4.61
16:50:58,3.4,78.4,6986.98,2517.79,0.25,4.64
16:50:59,2.5,78.2,6986.98,2517.82,0.3,4.64
16:51:00,2.6,78.2,6987.0,2517.83,0.46,4.61
16:51:01,2.6,78.1,6987.0,2518.08,0.41,4.61
16:51:02,2.1,78.1,6987.0,2518.21,0.25,4.61
16:51:03,1.8,77.9,6987.0,2518.28,0.25,4.61
16:51:04,1.2,77.9,6987.0,2518.28,0.3,4.64
16:51:05,0.4,77.9,6987.0,2518.54,0.3,4.64
16:51:06,1.4,77.8,6987.0,2518.6,0.34,4.66
16:51:07,1.2,77.8,6987.0,2518.63,0.62,4.86
16:51:08,1.8,77.9,6987.0,2518.63,0.52,4.81
16:51:09,1.8,77.9,6987.0,2518.66,0.25,4.61
16:51:10,3.0,77.9,6987.0,2518.73,0.25,4.64
16:51:12,2.6,78.5,6987.0,2518.75,0.36,4.64
16:51:12,2.1,78.6,6987.0,2518.75,1.39,5.09
16:51:14,1.8,78.6,6987.0,2518.8,1.29,5.09
16:51:14,2.2,78.6,6987.0,2518.92,0.25,4.61
16:51:16,2.7,77.9,6987.0,2519.03,0.25,4.61
16:51:16,2.0,77.9,6987.0,2519.05,0.25,4.64
16:51:18,2.0,77.9,6987.0,2519.29,0.49,4.75
16:51:18,2.1,77.9,6987.0,2519.34,0.55,4.71
16:51:20,4.1,77.6,6987.0,2519.44,0.31,4.61
16:51:20,4.1,77.8,6987.0,2519.44,0.25,4.61
16:51:22,2.1,77.7,6987.0,2519.72,0.31,4.75
16:51:22,3.9,77.8,6987.0,2519.8,0.32,4.78
16:51:24,2.6,77.8,6987.0,2520.07,0.3,4.64
16:51:24,1.4,77.9,6987.0,2520.07,0.05,4.55
16:51:26,2.5,77.6,6987.0,2520.1,20.3,116.73
16:51:26,2.5,77.6,6987.0,2520.14,20.71,116.79
16:51:28,2.6,77.6,6987.0,2520.18,0.74,4.61
16:51:28,2.1,77.6,6987.0,2520.18,0.74,4.64
16:51:30,1.6,77.5,6987.0,2520.24,0.75,4.75
16:51:30,1.9,77.5,6987.0,2520.31,0.59,4.71
16:51:32,2.8,77.6,6987.0,2520.67,0.25,4.61
16:51:32,2.3,77.7,6987.0,2520.67,0.25,4.61
16:51:34,3.8,77.5,6987.0,2520.71,0.41,4.61
16:51:34,3.3,77.7,6987.0,2520.75,0.41,4.64
16:51:36,2.4,77.6,6987.0,2520.77,0.31,4.64
16:51:37,2.6,76.8,6987.03,2523.84,0.44,4.69
16:51:38,5.6,77.0,6987.03,2523.88,12.86,12.78
16:51:39,3.8,76.9,6987.03,2542.23,12.67,13.04
16:51:40,1.6,76.9,6987.03,2542.3,0.53,5.07
16:51:41,1.4,76.9,6987.03,2542.3,0.58,4.77
16:51:42,1.8,76.9,6987.03,2542.36,0.46,4.64
16:51:43,0.9,76.9,6987.03,2542.4,0.78,4.73
16:51:44,2.7,76.9,6987.03,2542.42,0.72,4.79
16:51:45,2.0,76.9,6987.03,2542.42,0.4,4.66
16:51:46,2.9,76.7,6987.03,2542.45,0.3,4.65
16:51:47,2.7,76.7,6987.03,2542.61,0.3,4.68
16:51:48,1.5,76.7,6987.03,2542.62,0.31,4.64
16:51:49,1.4,76.7,6987.03,2542.94,0.3,4.61
16:51:50,1.3,76.9,6987.03,2543.06,51.32,9.41
16:51:51,2.0,76.9,6987.03,2543.14,51.07,9.36
16:51:52,3.1,76.8,6987.03,2543.17,0.52,6.12
16:51:53,2.0,76.8,6987.03,2543.17,0.77,6.26
16:51:54,2.3,76.5,6987.03,2543.24,0.3,4.69
16:51:55,1.6,76.5,6987.03,2543.27,0.31,4.61
16:51:56,2.4,76.5,6987.03,2544.1,0.25,4.61
16:51:57,2.2,76.4,6987.03,2544.13,0.25,4.61
16:51:58,2.8,76.4,6987.03,2544.16,0.25,4.61
16:51:59,2.7,76.4,6987.05,2544.19,0.46,6.77
16:52:00,3.8,76.3,6987.05,2544.43,0.51,6.77
16:52:01,1.6,76.3,6987.05,2544.43,0.1,0.0
16:52:02,2.6,76.3,6987.05,2544.47,0.82,4.61
16:52:03,2.1,76.3,6987.05,2544.52,0.78,4.61
16:52:05,2.5,76.3,6987.05,2544.58,0.38,4.66
16:52:05,2.1,76.3,6987.05,2544.6,0.65,4.66
16:52:07,2.5,76.3,6987.05,2544.62,0.69,4.69
16:52:07,1.7,76.2,6987.05,2544.66,0.42,4.69
16:52:09,2.0,76.3,6987.05,2544.69,0.25,4.61
16:52:09,1.2,76.3,6987.05,2544.69,0.3,4.61
16:52:11,2.1,76.3,6987.05,2544.81,0.39,4.66
16:52:11,1.8,76.3,6987.05,2544.94,0.34,4.66
16:52:13,2.4,76.5,6987.05,2545.11,0.36,6.88
16:52:13,2.9,76.5,6987.05,2545.11,0.36,6.88
16:52:15,3.3,76.4,6987.05,2545.15,0.3,0.04
16:52:15,3.5,76.5,6987.05,2545.18,0.73,4.75
16:52:17,1.6,76.5,6987.05,2545.32,0.43,4.71
16:52:17,1.2,76.5,6987.05,2545.32,0.11,4.55
16:52:19,1.5,76.4,6987.05,2545.38,0.31,4.64
16:52:19,1.8,76.4,6987.05,2545.41,0.46,4.69
16:52:21,2.5,76.4,6987.05,2545.54,1.81,7.86
16:52:21,1.3,76.4,6987.05,2545.54,14.86,18.15
16:52:23,1.7,76.4,6987.05,2545.58,13.36,14.98
16:52:23,1.7,76.3,6987.05,2545.6,0.05,0.09
16:52:25,2.0,76.2,6987.05,2545.63,0.37,4.73
16:52:25,1.5,76.2,6987.05,2545.64,0.37,4.73
16:52:27,1.6,76.0,6987.05,2545.67,0.25,4.61
16:52:28,1.3,76.1,6987.05,2545.7,0.25,4.61
16:52:29,1.5,76.1,6987.05,2545.79,0.25,4.61
16:52:30,1.0,76.1,6987.05,2545.79,0.25,4.61
16:52:31,2.6,76.0,6987.05,2545.89,0.52,4.73
16:52:32,2.3,76.1,6987.05,2545.94,0.52,4.73
16:52:33,2.0,76.1,6987.05,2545.97,0.25,4.61
16:52:34,1.8,76.1,6987.05,2545.97,0.25,4.61
16:52:35,2.0,76.1,6987.05,2545.99,0.32,4.66
16:52:36,2.5,76.1,6987.05,2546.05,0.37,4.66
16:52:37,1.8,76.0,6987.05,2546.07,0.36,4.64
16:52:38,2.0,76.1,6987.05,2546.07,0.3,4.64
16:52:39,2.1,76.0,6987.05,2546.22,0.25,4.61
16:52:40,1.7,76.1,6987.05,2546.26,0.25,4.61
16:52:41,3.2,76.0,6987.05,2546.34,0.51,4.61
16:52:42,1.6,76.1,6987.08,2546.34,0.51,4.61
16:52:43,2.4,76.0,6987.08,2546.35,0.43,4.73
16:52:44,1.6,76.1,6987.08,2546.4,0.43,4.73
16:52:45,1.3,76.1,6987.08,2546.47,0.98,4.94
16:52:46,1.3,76.1,6987.08,2546.48,0.98,4.94
16:52:47,1.3,76.3,6987.08,2546.51,0.25,4.61
16:52:48,0.8,76.3,6987.08,2546.55,0.25,4.61
16:52:49,2.1,76.2,6987.08,2546.58,0.31,4.64
16:52:50,1.5,76.2,6987.08,2546.58,0.31,4.64
16:52:51,1.4,76.1,6987.08,2546.77,0.31,4.66
16:52:52,0.9,76.1,6987.08,2546.81,0.37,4.75
16:52:53,1.8,76.1,6987.43,2546.84,0.3,4.69
16:52:54,0.9,76.1,6987.43,2546.84,0.25,4.61
16:52:55,1.7,76.1,6987.43,2547.14,0.31,4.64
16:52:56,1.7,76.1,6987.43,2547.17,0.31,4.64
16:52:57,2.0,76.3,6987.43,2547.2,0.25,4.61
16:52:58,1.4,76.3,6987.43,2547.2,0.25,4.61
16:53:00,2.4,76.3,6987.43,2547.22,0.25,4.61
16:53:00,1.0,76.2,6987.43,2547.26,0.25,4.61
16:53:02,2.3,76.2,6987.43,2547.43,0.31,4.64
16:53:02,1.9,76.1,6987.43,2547.43,0.31,4.64
16:53:04,2.2,76.1,6987.43,2547.48,0.25,4.61
16:53:04,1.6,76.1,6987.43,2547.53,0.25,4.61
16:53:06,1.8,76.2,6987.46,2547.56,0.4,4.67
16:53:06,1.3,76.2,6987.46,2547.63,0.4,4.67
16:53:08,1.9,76.2,6987.46,2547.64,0.31,4.64
16:53:08,1.2,76.2,6987.46,2547.69,0.31,4.64
16:53:10,2.3,76.2,6987.46,2547.71,0.25,4.61
16:53:10,1.5,76.2,6987.46,2547.71,0.25,4.61
16:53:12,2.1,76.2,6987.46,2547.84,0.4,4.67
16:53:12,1.8,76.2,6987.46,2547.87,0.44,4.71
16:53:14,1.9,76.2,6987.46,2547.9,0.35,4.68
16:53:14,1.3,76.2,6987.46,2547.9,0.3,4.64
16:53:16,1.1,76.2,6987.46,2548.02,0.34,4.66
16:53:17,0.7,76.2,6987.46,2548.05,0.34,4.66
16:53:18,1.7,76.2,6987.46,2548.14,0.25,4.61
16:53:19,1.8,76.5,6987.46,2548.14,0.25,4.61
16:53:20,2.8,76.6,6987.46,2548.17,0.58,4.8
16:53:21,2.2,76.6,6987.46,2548.21,0.64,4.8
16:53:22,2.2,76.6,6987.46,2548.3,0.36,4.7
16:53:23,1.8,76.6,6987.46,2548.3,0.31,4.7
16:53:24,2.5,76.6,6987.46,2548.32,0.26,4.61
16:53:25,1.4,76.5,6987.46,2548.35,0.26,4.61
16:53:26,1.1,76.5,6987.46,2548.39,0.31,4.64
16:53:27,0.8,76.5,6987.46,2548.39,0.31,4.64
16:53:28,2.1,76.5,6987.46,2548.42,0.25,4.61
16:53:29,2.6,76.4,6987.46,2548.46,0.25,4.61
16:53:30,2.3,76.5,6987.46,2548.49,0.31,4.72
16:53:31,2.7,76.5,6987.46,2548.49,0.42,4.72
16:53:32,1.1,76.5,6987.46,2548.59,0.41,4.67
16:53:33,1.7,76.5,6987.46,2548.62,0.31,4.67
16:53:34,1.4,76.5,6987.46,2548.66,0.31,7.07
16:53:35,1.4,76.7,6987.46,2548.66,0.47,7.07
16:53:36,1.9,76.6,6987.46,2548.76,0.16,0.0
16:53:37,3.1,76.7,6987.46,2548.8,0.38,4.7
16:53:38,2.3,76.6,6987.46,2548.83,0.69,4.7
16:53:39,2.0,76.6,6987.46,2548.83,0.87,4.61
16:53:40,1.8,76.5,6987.46,2548.85,0.56,4.61
16:53:41,2.0,76.5,6987.46,2548.9,0.25,4.61
16:53:42,1.8,76.5,6987.46,2548.9,0.56,4.65
16:53:43,1.5,76.5,6987.46,2548.92,0.61,4.68
16:53:44,2.1,76.4,6987.46,2548.94,0.31,4.64
16:53:45,1.8,76.3,6987.46,2548.99,0.73,4.79
16:53:46,2.0,76.3,6987.46,2549.08,0.73,4.79
16:53:47,1.8,76.3,6987.46,2549.09,0.29,4.66
16:53:48,1.7,76.1,6987.46,2549.11,0.29,4.66
16:53:49,1.7,76.2,6987.46,2549.15,0.4,4.64
16:53:50,2.5,76.1,6987.46,2549.15,0.4,4.64
16:53:51,1.7,76.2,6987.46,2549.25,0.26,4.61
16:53:53,2.1,76.1,6987.46,2549.27,0.31,4.69
16:53:53,2.3,76.2,6987.46,2549.31,0.31,4.69
16:53:55,2.2,76.1,6987.46,2549.31,0.26,4.61
16:53:55,1.5,76.2,6987.46,2549.33,0.3,4.64
16:53:57,2.6,76.2,6987.46,2549.44,0.3,4.64
16:53:57,1.2,76.1,6987.46,2549.77,0.25,4.61
16:53:59,2.8,76.2,6987.46,2549.77,0.25,4.61
16:53:59,1.6,76.2,6987.46,2549.8,0.3,6.74
16:54:01,2.0,75.3,6987.7,2550.3,0.3,6.74
16:54:01,2.7,74.8,6987.7,2550.39,0.35,2.79
16:54:03,1.8,74.9,6987.7,2550.41,17.29,20.6
16:54:03,1.3,74.8,6987.7,2550.45,16.94,17.81
16:54:05,2.3,74.9,6987.7,2550.47,0.25,4.61
16:54:06,3.0,74.8,6987.7,2550.5,0.25,4.61
16:54:07,2.5,74.8,6987.7,2550.6,0.26,4.61
16:54:08,2.7,74.8,6987.7,2550.89,0.26,4.61
16:54:09,2.8,75.1,6987.7,2550.91,0.37,4.69
16:54:10,2.5,75.1,6987.7,2550.94,0.37,4.69
16:54:11,1.7,75.4,6987.7,2551.04,0.41,4.67
16:54:12,1.8,75.6,6987.7,2551.16,0.45,4.71
16:54:13,2.6,75.7,6987.7,2551.2,1.24,7.26
16:54:14,2.3,75.7,6987.7,2551.2,1.2,7.22
16:54:15,2.8,75.7,6987.73,2551.23,0.31,6.77
16:54:16,2.0,75.7,6987.73,2551.26,0.41,6.88
16:54:17,2.6,75.6,6987.73,2551.29,0.5,6.91
16:54:18,1.7,75.6,6987.73,2551.29,0.4,6.8
16:54:19,1.9,75.6,6987.73,2551.31,0.0,0.0
16:54:20,1.8,75.8,6987.73,2551.34,0.3,4.64
16:54:21,0.5,75.8,6987.73,2551.53,0.3,4.64
16:54:22,1.3,75.6,6987.73,2551.53,0.44,6.88
16:54:23,1.2,75.4,6987.73,2551.56,0.44,6.88
16:54:24,1.7,75.4,6987.73,2551.85,0.25,4.61
16:54:25,1.6,75.3,6987.73,2551.88,0.25,4.61
16:54:26,1.3,75.3,6987.73,2551.9,0.31,4.64
16:54:27,1.4,75.3,6987.73,2551.99,0.31,4.64
16:54:28,1.7,75.3,6987.73,2552.3,0.25,4.61
16:54:29,1.0,75.3,6987.73,2552.32,0.54,4.74
16:54:30,0.9,75.3,6987.73,2552.32,0.54,4.74
16:54:31,0.9,75.0,6987.73,2552.35,0.67,4.61
16:54:32,1.3,75.0,6987.73,2552.65,0.93,6.77
16:54:33,1.0,75.0,6987.73,2552.78,0.51,6.77
16:54:34,0.7,75.0,6987.73,2552.78,0.16,0.0
16:54:35,1.8,74.9,6987.73,2552.89,0.41,4.61
16:54:36,1.7,74.8,6987.79,2552.92,0.25,4.61
16:54:37,0.9,74.7,6987.79,2553.0,0.25,4.61
16:54:38,2.0,74.8,6987.79,2553.0,0.41,4.61
16:54:39,1.0,74.7,6987.79,2553.03,0.46,4.64
16:54:40,0.9,74.7,6987.79,2553.17,0.31,4.64
16:54:41,0.9,74.7,6987.79,2553.18,0.25,4.61
16:54:42,2.7,75.0,6987.79,2553.25,0.29,4.65
16:54:43,2.1,75.3,6987.81,2553.3,0.4,8.95
16:54:44,1.6,75.4,6987.81,2553.33,0.36,8.91
16:54:46,2.3,75.4,6987.81,2553.37,0.59,6.89
16:54:46,1.8,74.9,6987.81,2553.37,0.74,6.89
16:54:48,3.0,74.9,6987.81,2553.41,0.92,6.91
16:54:48,2.4,75.1,6987.81,2553.46,0.77,6.91
16:54:50,1.3,75.0,6987.81,2553.49,0.0,0.0
16:54:50,4.6,74.9,6987.81,2553.49,0.36,6.77
16:54:52,4.8,74.1,6987.81,2553.84,0.67,6.77
16:54:52,4.3,74.0,6987.81,2553.96,0.88,4.69
16:54:54,2.0,73.9,6987.81,2554.01,0.57,4.69
16:54:54,2.3,74.0,6987.81,2554.01,0.36,8.92
16:54:56,2.1,74.1,6987.81,2554.03,0.62,8.92
16:54:56,2.1,74.2,6987.81,2554.15,0.26,0.0
16:54:58,1.7,74.1,6987.81,2554.31,0.36,6.95
16:54:59,2.2,74.2,6987.81,2554.31,0.36,6.95
16:55:00,2.4,74.2,6987.81,2554.37,0.3,6.9
16:55:01,1.8,74.3,6987.81,2554.41,0.3,6.9
16:55:02,2.2,74.2,6987.81,2554.56,0.16,0.17
16:55:03,3.0,74.2,6987.81,2554.58,0.52,6.94
16:55:04,1.4,74.2,6987.81,2554.64,0.36,7.09
16:55:05,1.8,74.2,6987.81,2554.67,0.74,7.05
16:55:06,1.9,74.4,6987.81,2554.74,0.99,6.91
16:55:07,4.0,74.2,6987.81,2554.74,0.65,4.78
16:55:08,1.6,74.2,6987.81,2554.89,0.62,4.83
16:55:09,2.0,74.2,6987.81,2554.98,0.63,9.18
16:55:10,1.7,74.4,6987.81,2555.01,0.41,9.09
16:55:11,3.1,74.3,6987.81,2555.32,0.25,6.88
16:55:12,2.0,74.4,6987.81,2555.45,0.66,6.88
16:55:13,1.2,74.3,6987.81,2555.67,0.41,0.15
16:55:14,2.1,74.3,6987.81,2555.71,0.31,6.74
16:55:15,1.2,74.3,6987.81,2555.71,0.31,6.74
16:55:16,2.1,74.1,6987.81,2555.75,0.36,6.77
16:55:17,2.5,74.3,6987.81,2555.78,0.36,6.77
16:55:18,2.4,74.3,6987.81,2555.91,0.3,6.74
16:55:19,1.8,74.3,6987.81,2555.91,0.3,6.74
16:55:20,2.2,74.2,6987.81,2555.98,0.41,4.61
16:55:21,2.2,74.3,6987.81,2556.0,0.41,4.61
16:55:22,2.1,74.3,6987.81,2556.03,0.36,4.73
16:55:23,1.2,74.3,6987.81,2556.03,0.36,4.73
16:55:24,3.0,74.1,6987.81,2556.05,0.25,4.61
16:55:25,4.0,74.6,6987.81,2556.08,0.25,4.61
16:55:26,2.7,74.7,6987.81,2556.1,0.25,4.63
16:55:27,1.2,74.9,6987.81,2556.21,0.25,4.63
16:55:28,2.7,74.8,6987.81,2556.25,0.47,11.41
16:55:29,3.1,74.8,6987.81,2556.39,0.47,11.41
16:55:30,1.4,74.7,6987.81,2556.64,0.26,13.17
16:55:31,2.3,74.9,6987.81,2556.64,0.41,13.22
16:55:32,0.8,74.8,6987.81,2556.83,0.15,0.05
16:55:33,1.4,74.7,6987.81,2556.87,0.25,6.74
16:55:34,1.1,74.6,6987.81,2556.93,0.39,6.82
16:55:35,2.3,74.7,6987.81,2556.93,0.41,8.95
16:55:36,2.5,74.7,6987.81,2556.96,0.57,8.92
16:55:37,1.4,74.7,6987.81,2557.05,0.3,0.05
16:55:38,1.3,74.6,6987.81,2557.09,0.3,6.74
16:55:39,2.0,74.6,6987.81,2557.09,0.3,6.74
16:55:41,1.8,74.5,6987.81,2557.13,0.4,6.81
16:55:41,3.3,74.6,6987.81,2557.31,0.4,6.81
16:55:43,1.8,74.6,6987.81,2557.44,0.16,6.68
16:55:43,2.0,74.7,6987.81,2557.46,0.3,6.74
16:55:45,2.0,74.5,6987.81,2558.6,0.14,0.05
16:55:45,1.3,74.7,6987.81,2558.96,0.36,6.77
16:55:47,1.2,74.7,6987.81,2559.11,0.36,6.77
16:55:47,2.2,74.7,6987.81,2559.22,0.71,6.92
16:55:49,1.9,74.7,6987.81,2559.27,1.54,9.75
16:55:49,1.4,74.7,6987.81,2559.33,31.53,13.15
16:55:51,1.4,74.7,6987.81,2559.36,30.96,15.99
16:55:51,1.3,74.7,6987.81,2559.4,0.56,5.67
16:55:53,1.9,74.6,6987.81,2559.55,0.99,4.78
16:55:54,1.7,74.7,6987.81,2559.58,0.89,4.99
16:55:55,2.7,74.8,6987.81,2559.67,0.46,4.82
16:55:56,2.6,74.8,6987.81,2559.76,0.51,4.61
16:55:57,1.6,74.7,6987.81,2559.81,0.62,8.93
16:55:58,1.9,74.8,6987.81,2559.96,0.36,8.93
16:55:59,2.7,74.7,6988.26,2561.7,0.68,9.13
16:56:00,3.1,74.8,6988.36,2567.49,0.68,9.13
16:56:01,2.6,74.8,6988.51,2573.88,0.0,0.0
16:56:02,1.6,74.8,6988.51,2574.4,0.3,6.74
16:56:03,1.4,74.7,6988.51,2574.56,0.3,6.74
16:56:04,1.7,74.8,6988.51,2574.56,0.25,4.61
16:56:05,1.3,74.9,6988.51,2574.62,0.51,4.61
16:56:06,1.6,75.0,6988.51,2574.67,0.62,6.78
16:56:07,1.3,75.0,6988.51,2575.66,0.36,6.78
16:56:08,2.6,74.9,6988.51,2575.67,0.15,4.61
16:56:09,1.8,74.8,6988.51,2575.7,4.38,6.29
16:56:10,1.4,74.9,6988.51,2575.73,12.31,10.53
16:56:11,2.0,74.9,6988.51,2575.89,9.51,8.96
16:56:12,2.3,75.0,6988.51,2575.9,1.58,0.19
16:56:13,3.2,74.9,6988.51,2576.06,3.25,11.46
16:56:14,1.4,74.9,6988.51,2576.1,3.09,11.39
16:56:15,1.3,75.0,6988.51,2576.15,0.3,6.73
16:56:16,1.7,75.0,6988.51,2576.15,0.46,6.73
16:56:17,2.2,74.9,6988.51,2576.46,0.46,6.74
16:56:18,1.9,74.9,6988.51,2576.62,0.31,6.74
16:56:19,3.3,75.0,6988.51,2576.65,0.0,0.0
16:56:20,1.3,74.9,6988.51,2576.65,0.32,6.06
16:56:21,1.8,75.0,6988.51,2576.68,8.17,10.99
16:56:22,2.9,74.7,6988.51,2576.73,8.16,9.62
16:56:23,0.9,74.8,6988.51,2576.89,0.31,4.69
16:56:24,1.4,74.8,6988.51,2576.89,0.46,6.74
16:56:25,0.5,74.7,6988.51,2576.9,0.46,6.74
16:56:26,0.8,74.7,6988.51,2576.95,2.04,9.47
16:56:27,0.6,74.7,6988.51,2576.96,2.09,9.47
16:56:28,1.2,74.7,6988.51,2576.98,0.05,0.0
16:56:29,1.3,74.7,6988.51,2576.99,0.25,4.61
16:56:30,1.6,74.7,6988.51,2577.04,0.25,4.61
16:56:31,1.2,74.5,6988.51,2577.16,0.25,4.61
16:56:32,1.4,74.5,6988.51,2577.17,0.25,4.61
16:56:33,1.0,74.5,6988.51,2577.29,0.3,4.64
16:56:34,2.5,74.4,6988.51,2577.42,0.37,4.69
16:56:35,0.8,74.4,6988.51,2577.42,0.32,4.66
16:56:36,2.0,74.4,6988.51,2577.45,0.25,4.61
16:56:38,1.3,74.4,6988.51,2577.46,0.32,4.66
16:56:38,1.3,74.4,6988.51,2577.55,0.36,4.7
16:56:40,1.4,74.4,6988.51,2577.55,0.35,4.68
16:56:40,1.7,74.4,6988.51,2577.58,0.46,4.64
16:56:42,1.3,74.4,6988.51,2577.6,0.41,4.61
16:56:42,1.3,74.4,6988.51,2577.62,0.26,4.61
16:56:44,1.5,74.3,6988.51,2577.63,0.25,4.61
16:56:44,1.3,74.3,6988.51,2577.65,0.25,4.61
16:56:46,1.5,74.2,6988.51,2577.67,0.33,4.64
16:56:46,1.4,74.2,6988.51,2577.71,0.33,4.64
16:56:48,1.2,74.2,6988.51,2577.71,0.25,4.61
16:56:49,0.6,74.2,6988.51,2578.14,0.25,4.61
16:56:50,1.7,74.2,6988.51,2579.03,0.71,4.79
16:56:51,2.1,74.5,6988.51,2579.33,51.48,9.39
16:56:52,1.3,74.5,6988.51,2579.38,51.08,9.24
16:56:53,1.4,74.5,6988.51,2579.82,0.36,4.73
16:56:54,2.5,74.4,6988.51,2579.91,0.31,4.69
16:56:55,0.8,74.3,6988.51,2579.93,0.25,4.61
16:56:56,1.4,74.3,6988.51,2579.93,0.2,4.61
16:56:57,1.8,74.3,6988.51,2579.96,0.2,4.61
16:56:58,1.5,74.3,6988.51,2579.98,0.3,4.64
16:56:59,1.6,74.3,6988.51,2580.05,0.37,4.69
16:57:00,1.2,74.3,6988.51,2580.07,0.41,4.71
16:57:01,1.7,74.3,6988.51,2580.1,0.34,4.66
16:57:02,1.5,74.2,6988.51,2580.11,0.25,4.61
16:57:03,1.7,74.3,6988.51,2580.11,0.25,4.61
16:57:04,0.9,74.3,6988.51,2580.16,0.31,4.64
16:57:05,1.3,74.3,6988.51,2580.18,0.31,4.64
16:57:06,1.9,74.3,6988.51,2580.19,0.25,4.61
16:57:07,1.6,74.2,6988.51,2580.48,0.29,4.65
16:57:08,1.2,74.2,6988.51,2580.87,0.29,4.65
16:57:09,0.9,74.3,6988.51,2580.89,0.25,4.61
16:57:10,1.2,74.3,6988.51,2580.9,1.37,6.04
16:57:11,1.6,74.3,6988.51,2581.01,2.13,6.41
16:57:12,1.8,74.2,6988.51,2581.06,1.23,5.08
16:57:13,1.4,74.2,6988.51,2581.1,0.52,4.72
16:57:14,2.2,74.3,6988.51,2581.12,0.31,4.61
16:57:15,1.8,74.4,6988.51,2581.12,0.25,4.61
16:57:16,1.9,74.3,6988.51,2581.14,0.31,4.64
16:57:17,1.0,74.3,6988.51,2581.36,0.31,4.64
16:57:18,1.4,74.4,6988.51,2581.5,0.25,4.63
16:57:19,1.6,74.5,6988.51,2581.5,0.47,4.79
16:57:20,1.0,74.5,6988.51,2581.53,0.68,6.95
16:57:21,1.7,74.5,6988.51,2581.54,0.46,6.79
16:57:22,1.0,74.5,6988.51,2581.58,0.05,0.14
16:57:23,3.7,74.3,6988.51,2581.6,0.43,5.12
16:57:24,1.2,74.4,6988.51,2581.93,0.37,4.97
16:57:25,0.8,74.4,6988.51,2581.96,0.26,4.61
16:57:26,0.7,74.3,6988.51,2581.98,0.26,4.61
16:57:27,2.3,74.3,6988.51,2581.98,0.31,4.61
16:57:28,1.8,74.5,6988.51,2582.12,0.31,4.61
16:57:29,1.8,74.5,6988.51,2582.15,0.31,4.64
16:57:30,1.5,74.5,6988.51,2582.19,0.31,4.64
16:57:31,1.7,74.5,6988.51,2582.31,0.34,4.66
16:57:33,0.9,74.4,6988.51,2582.42,0.34,4.66
16:57:33,1.3,74.4,6988.51,2582.47,0.31,4.61
16:57:35,1.0,74.3,6988.51,2582.49,0.35,4.65
16:57:35,0.9,74.3,6988.51,2582.49,0.35,4.68
16:57:37,1.5,74.3,6988.51,2582.52,0.38,4.69
16:57:37,1.7,74.3,6988.51,2582.58,0.32,4.66
16:57:39,2.0,74.6,6988.52,2582.72,0.25,4.61
16:57:39,1.4,74.9,6988.52,2582.73,0.26,4.61
16:57:41,1.3,74.9,6988.52,2582.96,0.26,4.61
16:57:42,2.1,74.9,6988.52,2583.36,0.37,6.77
16:57:43,1.2,74.8,6988.52,2583.38,0.78,6.77
16:57:44,1.3,74.7,6988.52,2583.47,0.94,4.71
16:57:45,2.0,74.7,6988.52,2583.49,1.1,4.71
16:57:46,1.3,74.7,6988.52,2583.51,0.83,4.61
16:57:47,2.1,74.7,6988.52,2583.53,0.42,4.61
16:57:48,2.3,74.5,6988.52,2583.53,0.77,4.64
16:57:49,0.7,74.5,6988.52,2583.6,0.61,4.64
16:57:50,0.9,74.5,6988.52,2583.62,0.72,4.79
16:57:51,1.2,74.5,6988.52,2583.68,0.88,4.79
16:57:52,2.4,74.5,6988.52,2583.68,0.41,4.61
16:57:53,1.3,74.5,6988.52,2583.72,0.31,4.78
16:57:54,1.2,74.5,6988.52,2583.82,0.36,4.81
16:57:55,1.3,74.5,6988.52,2583.83,0.31,4.64
16:57:56,1.8,74.5,6988.52,2583.83,0.34,4.61
16:57:57,1.6,74.4,6988.52,2583.92,0.6,4.61
16:57:58,1.0,74.5,6988.52,2583.98,0.67,4.61
16:57:59,0.8,74.4,6988.52,2584.05,0.46,4.71
16:58:00,1.2,74.5,6988.52,2584.05,0.36,4.75
16:58:01,1.5,74.5,6988.52,2584.59,0.31,4.64
16:58:02,1.3,74.5,6988.52,2584.67,0.34,4.66
16:58:03,1.6,74.5,6988.52,2584.7,0.38,4.7
16:58:04,1.2,74.4,6988.52,2584.71,0.29,4.65
16:58:05,0.9,74.5,6988.52,2584.75,0.25,4.61
16:58:06,1.6,74.5,6988.52,2584.77,0.31,4.64
16:58:07,1.3,74.5,6988.52,2584.8,0.31,4.64
16:58:08,1.4,74.5,6988.52,2585.69,0.32,4.66
16:58:09,0.7,74.5,6988.52,2585.79,0.32,4.66
16:58:10,1.6,74.5,6988.52,2585.84,8.13,11.63
16:58:11,0.9,74.5,6988.52,2586.22,8.23,11.84
16:58:12,2.1,74.5,6988.52,2586.22,0.41,4.85
16:58:13,1.7,74.6,6988.52,2586.42,0.3,4.64
16:58:14,1.3,74.6,6988.52,2586.54,0.47,4.66
16:58:15,1.7,74.6,6988.52,2586.57,0.47,4.66
16:58:16,1.6,74.6,6988.52,2586.57,0.25,4.61
16:58:17,1.8,74.6,6988.52,2586.59,0.25,4.61
16:58:18,1.7,74.6,6988.52,2586.62,0.3,4.64
16:58:19,1.6,74.6,6988.52,2586.65,0.3,4.64
16:58:20,3.0,74.5,6988.52,2586.65,0.25,4.61
16:58:21,0.9,74.5,6988.52,2586.68,0.52,4.71
16:58:22,2.1,74.5,6988.52,2586.69,0.58,4.8
16:58:23,1.8,74.5,6988.52,2586.81,0.31,4.69
16:58:24,1.2,74.4,6988.52,2586.91,0.57,4.64
16:58:25,0.7,74.4,6988.52,2586.93,0.57,4.64
16:58:26,1.0,74.6,6988.52,2586.99,0.27,4.61
16:58:27,1.0,74.6,6988.52,2587.01,0.27,4.61
16:58:28,1.2,74.6,6988.52,2587.01,0.25,4.55
16:58:30,2.3,74.6,6988.52,2587.26,0.25,4.61
16:58:30,1.8,74.5,6988.52,2587.29,0.25,4.69
16:58:32,3.0,74.5,6988.52,2587.31,0.35,4.68
16:58:32,2.4,74.4,6988.52,2587.62,0.35,4.65
16:58:34,2.3,74.5,6988.52,2587.64,0.25,4.61
16:58:35,1.4,74.6,6988.52,2587.76,0.34,4.66
16:58:36,1.2,74.6,6988.52,2587.81,0.34,4.66
16:58:37,1.3,74.6,6988.52,2587.81,0.36,6.78
16:58:38,0.8,74.7,6988.52,2587.85,0.36,6.78
16:58:39,1.7,74.7,6988.52,2587.87,0.25,4.61
16:58:40,1.3,74.7,6988.52,2587.98,0.25,4.61
16:58:41,1.4,74.7,6988.52,2587.98,0.25,4.61
16:58:42,1.2,74.7,6988.52,2588.01,0.25,4.61
16:58:43,1.4,74.7,6988.52,2588.04,0.31,4.64
16:58:44,1.6,74.7,6988.52,2588.06,0.31,4.64
16:58:45,2.0,74.8,6988.52,2588.16,0.25,4.61
16:58:46,0.9,74.9,6988.52,2588.39,0.41,4.61
16:58:47,1.8,74.8,6988.52,2588.41,0.46,6.74
16:58:48,2.3,74.8,6988.52,2588.44,0.3,6.74
16:58:49,2.3,74.7,6988.52,2588.44,0.0,0.0
16:58:50,1.1,74.7,6988.52,2588.53,0.25,4.64
16:58:51,1.3,74.7,6988.52,2588.6,0.25,4.64
16:58:52,0.8,74.7,6988.52,2588.64,0.77,4.87
16:58:53,1.4,74.8,6988.52,2588.64,0.83,4.93
16:58:54,1.8,74.8,6988.52,2588.68,0.37,4.66
16:58:55,2.2,74.7,6988.52,2588.72,0.3,4.61
16:58:56,0.9,74.7,6988.52,2588.73,0.36,6.77
16:58:57,2.0,74.6,6988.52,2588.73,0.36,6.77
16:58:58,2.1,74.7,6988.52,2588.75,0.3,4.65
16:58:59,1.7,74.6,6988.52,2589.05,0.3,4.65
16:59:00,1.6,74.6,6988.52,2589.17,0.25,4.61
16:59:01,1.3,74.6,6988.52,2589.17,0.25,4.61
16:59:02,1.0,74.5,6988.52,2589.43,0.3,4.64
16:59:03,2.6,74.5,6988.52,2589.51,0.3,4.64
16:59:04,0.6,74.4,6988.52,2589.58,0.39,6.79
16:59:05,2.0,74.4,6988.52,2589.58,0.39,6.79
16:59:06,1.0,74.4,6988.52,2589.59,0.0,0.0
16:59:07,4.2,74.7,6990.52,2589.85,4.97,6.92
16:59:08,1.6,74.7,6990.53,2590.36,39.7,21.8
16:59:09,2.1,74.7,6990.54,2590.38,57.84,26.52
16:59:10,2.5,74.8,6990.54,2590.47,38.64,14.79
16:59:11,2.4,74.8,6990.54,2590.62,15.78,7.79
16:59:12,2.8,74.9,6990.54,2590.78,1.47,5.19
16:59:13,1.7,74.9,6990.54,2590.87,1.78,5.2
16:59:14,1.0,74.9,6990.54,2591.06,0.57,4.64
16:59:15,1.5,74.8,6990.54,2591.14,0.25,4.94
16:59:16,1.3,74.7,6990.54,2591.14,0.51,4.94
16:59:17,2.0,74.7,6990.54,2591.2,0.52,4.61
16:59:18,1.3,74.7,6990.54,2591.28,0.25,4.61
16:59:19,1.4,74.6,6990.54,2591.31,0.3,4.64
16:59:20,3.1,74.6,6990.54,2591.4,0.3,4.64
16:59:21,1.2,74.6,6990.54,2591.45,0.25,4.61
16:59:23,1.4,74.6,6990.54,2591.48,0.31,4.69
16:59:23,2.2,74.6,6990.54,2591.51,0.36,4.69
16:59:25,1.6,74.6,6990.54,2591.93,0.31,4.61
16:59:25,1.7,74.6,6990.54,2591.95,0.57,4.64
16:59:27,1.4,74.6,6990.54,2592.25,0.61,4.68
16:59:27,1.2,74.6,6990.54,2592.28,0.29,4.65
16:59:29,0.6,74.6,6990.54,2592.28,0.25,4.61
16:59:29,1.2,74.6,6990.54,2592.4,0.25,4.61
16:59:31,1.6,74.6,6990.54,2592.43,0.25,4.61
16:59:32,1.9,74.8,6990.54,2592.58,0.3,4.64
16:59:33,1.5,74.8,6990.54,2592.6,0.3,4.64
16:59:34,2.6,74.9,6990.54,2592.63,0.31,6.74
16:59:35,2.3,74.9,6990.54,2592.76,0.31,6.74
16:59:36,1.5,74.8,6990.54,2592.79,0.45,8.98
16:59:37,2.0,74.8,6990.54,2592.79,0.45,8.98
16:59:38,1.4,74.8,6990.54,2593.4,0.0,0.0
16:59:39,2.4,74.8,6990.54,2593.43,0.44,4.78
16:59:40,1.9,74.7,6990.57,2593.63,0.44,4.78
16:59:41,1.6,74.7,6990.57,2593.63,0.25,4.61
16:59:42,2.0,74.7,6990.57,2593.68,0.25,4.61
16:59:43,1.6,74.7,6990.57,2593.98,0.25,4.61
16:59:44,2.1,74.7,6990.57,2594.01,0.25,4.61
16:59:45,1.4,74.7,6990.57,2594.02,0.31,4.64
16:59:46,1.3,74.7,6990.57,2594.05,0.31,4.64
16:59:47,1.5,74.7,6990.57,2594.07,0.52,4.61
16:59:48,2.2,74.7,6990.57,2594.07,0.67,4.61
16:59:49,2.1,74.7,6990.57,2594.1,0.41,4.61
16:59:50,1.2,74.7,6990.57,2594.38,0.41,4.61
16:59:51,3.1,74.7,6990.57,2594.56,0.46,4.64
16:59:52,3.5,74.2,6990.57,2595.36,0.31,4.73
16:59:53,1.3,74.2,6990.57,2595.39,1.03,4.87
16:59:54,2.1,74.2,6990.57,2595.54,1.22,4.83
16:59:55,1.1,74.2,6990.57,2595.64,0.45,4.65
16:59:56,0.9,74.1,6990.57,2595.64,0.25,4.61
16:59:57,1.7,74.2,6990.57,2595.74,0.31,4.64
16:59:58,1.6,74.1,6990.57,2595.77,0.31,4.64
16:59:59,1.4,74.1,6990.57,2595.79,0.25,4.61
17:00:00,0.6,74.0,6990.57,2595.8,0.25,4.61
17:00:01,1.2,74.3,6990.57,2595.83,0.25,4.61
17:00:02,1.3,74.3,6990.57,2595.85,0.41,4.61
17:00:03,1.0,74.4,6990.57,2595.87,0.46,4.64
17:00:04,1.4,74.3,6990.57,2595.87,0.42,4.73
17:00:05,1.4,74.3,6990.57,2595.98,0.42,4.69
17:00:06,1.9,74.5,6990.57,2596.04,0.31,4.78
17:00:07,2.2,74.5,6990.57,2596.38,0.39,7.02
17:00:08,1.6,74.5,6990.57,2596.38,0.45,7.07
17:00:09,3.2,74.5,6990.57,2596.42,1.5,7.99
17:00:10,1.8,74.4,6990.57,2596.68,2.81,9.31
17:00:11,1.2,74.4,6990.58,2597.28,1.37,1.54
17:00:12,1.5,74.4,6990.58,2597.28,0.25,7.05
17:00:13,1.8,74.3,6990.58,2597.33,0.25,7.05
17:00:14,1.8,74.2,6990.58,2597.81,0.31,4.81
17:00:15,1.6,74.3,6990.58,2597.91,0.31,4.81
17:00:16,2.1,74.2,6990.58,2597.91,0.31,4.78
17:00:17,1.9,74.2,6990.58,2597.93,0.31,4.78
17:00:18,2.8,74.2,6992.68,2597.97,0.41,4.75
17:00:19,2.0,74.2,6992.68,2598.01,0.41,4.75
17:00:20,2.0,74.2,6992.68,2598.01,0.31,4.73
17:00:21,0.9,74.1,6992.68,2598.05,0.35,4.86
17:00:22,2.5,74.2,6992.84,2598.15,0.2,4.86
17:00:24,0.9,74.1,6992.84,2598.24,0.39,4.84
17:00:24,1.3,74.2,6992.84,2598.32,0.34,4.66
17:00:26,1.4,74.1,6992.84,2599.96,0.25,4.61
17:00:26,2.3,74.1,6992.84,2600.25,0.4,4.69
17:00:28,1.0,74.1,6992.84,2600.26,0.37,4.73
17:00:28,1.4,74.1,6992.84,2600.26,0.22,4.64
17:00:30,0.9,74.1,6992.84,2600.39,0.26,4.61
17:00:30,1.7,74.1,6992.84,2600.59,0.41,4.66
17:00:32,1.0,74.1,6992.84,2600.74,0.26,4.61
17:00:33,1.3,74.1,6992.84,2600.74,0.49,6.85
17:00:34,1.3,74.1,6992.84,2600.76,0.49,6.85
17:00:35,1.7,74.1,6992.84,2600.87,0.0,0.0
17:00:36,0.9,74.0,6992.84,2600.89,0.26,4.61
17:00:37,2.3,74.1,6992.84,2600.89,0.26,4.61
17:00:38,1.0,74.1,6992.84,2600.9,0.39,4.69
17:00:39,2.2,74.1,6992.87,2600.9,0.39,4.69
17:00:40,2.1,74.1,6992.87,2601.01,0.26,4.61
17:00:41,1.6,74.1,6992.87,2601.01,0.26,4.61
17:00:42,1.2,74.1,6992.87,2601.44,0.31,6.74
17:00:43,1.8,74.1,6992.87,2601.57,0.31,6.74
17:00:44,1.0,74.1,6992.87,2601.58,0.0,0.0
17:00:45,1.4,74.1,6992.87,2601.66,0.31,4.64
17:00:46,1.0,74.1,6992.87,2601.67,0.31,4.64
17:00:47,1.4,74.1,6992.87,2601.8,0.3,4.65
17:00:48,2.5,74.0,6992.87,2601.81,0.3,4.65
17:00:49,1.3,74.1,6992.87,2601.81,0.31,6.73
17:00:50,1.2,74.1,6992.87,2601.83,0.47,6.73
17:00:51,1.0,74.1,6992.87,2601.89,0.16,0.0
17:00:52,1.0,74.1,6992.87,2601.9,0.4,4.73
17:00:53,1.7,73.9,6992.87,2601.95,0.4,4.73
17:00:54,0.8,74.0,6992.87,2601.96,0.72,4.79
17:00:55,0.8,74.0,6992.87,2602.29,0.72,4.79
17:00:56,0.7,74.2,6992.87,2602.31,0.26,4.61
17:00:57,0.6,74.2,6992.87,2602.31,0.31,4.71
17:00:58,1.7,74.2,6992.87,2602.32,0.47,4.96
17:00:59,1.7,74.2,6992.87,2602.43,0.41,4.85
17:01:00,0.9,74.1,6992.87,2602.53,0.34,4.61
17:01:01,1.6,74.1,6992.87,2603.16,0.34,4.61
17:01:02,1.2,74.1,6992.87,2603.19,0.26,4.61
17:01:03,1.7,74.1,6992.87,2603.22,0.26,4.61
17:01:04,1.2,74.0,6992.87,2603.23,0.31,4.64
17:01:05,1.3,74.1,6992.87,2603.24,0.31,4.64
17:01:06,2.6,74.1,6992.87,2603.26,0.25,4.63
17:01:07,2.5,73.9,6992.87,2603.29,0.25,4.63
17:01:08,2.1,74.0,6992.87,2603.31,0.25,4.61
17:01:09,1.5,74.0,6992.87,2603.31,0.25,4.61
17:01:10,0.6,74.0,6992.87,2603.4,0.55,5.34
17:01:11,0.8,74.0,6992.87,2603.46,0.55,5.34
17:01:12,1.6,74.0,6992.87,2603.48,1.1,7.11
17:01:13,2.4,74.0,6992.87,2603.48,1.14,7.15
17:01:14,1.8,74.0,6992.87,2603.5,0.04,0.04
17:01:15,5.1,73.7,6992.87,2603.79,0.31,4.64
17:01:17,1.2,73.6,6992.87,2603.79,0.36,4.64
17:01:17,0.9,73.6,6992.87,2603.81,0.43,6.79
17:01:19,1.3,73.7,6992.87,2603.86,0.37,6.79
17:01:19,0.5,73.7,6992.87,2603.87,0.0,0.0
17:01:21,2.3,73.7,6992.87,2603.97,0.27,4.61
17:01:21,3.1,73.6,6992.87,2603.99,0.27,4.61
17:01:23,1.2,73.6,6992.9,2604.01,0.36,4.73
17:01:23,1.2,73.6,6992.9,2604.05,0.36,4.73
17:01:25,1.2,73.7,6992.9,2604.06,0.25,4.61
17:01:26,1.0,73.6,6992.9,2604.09,0.53,5.25
17:01:27,1.8,73.7,6992.91,2604.11,9.53,9.77
17:01:28,1.8,73.7,6992.91,2604.23,9.26,9.13
17:01:29,1.4,73.7,6992.91,2604.23,0.31,4.64
17:01:30,1.7,73.7,6992.91,2604.53,0.31,4.64
17:01:31,0.7,73.7,6992.93,2604.66,0.25,4.61
17:01:32,1.2,73.7,6992.93,2604.83,0.25,4.61
17:01:33,1.2,73.7,6992.93,2604.83,0.25,4.61
17:01:34,1.8,73.7,6992.93,2604.86,0.25,4.61
17:01:35,2.3,73.7,6992.93,2604.87,0.31,4.64
17:01:36,2.5,73.7,6992.93,2604.95,0.31,4.64
17:01:37,1.5,73.8,6992.93,2604.95,0.25,4.61
17:01:38,1.6,73.8,6992.93,2604.98,0.25,4.61
17:01:39,2.4,73.7,6992.93,2605.0,0.25,4.61
17:01:40,1.8,73.8,6992.93,2605.06,0.3,4.65
17:01:41,1.5,73.8,6992.93,2605.07,0.35,4.68
17:01:42,1.8,73.9,6992.93,2605.1,0.31,4.64
17:01:43,2.0,73.8,6992.93,2605.12,0.34,4.66
17:01:44,1.3,73.9,6992.93,2605.14,0.34,4.66
17:01:45,1.3,73.7,6992.93,2605.14,0.25,4.61
17:01:46,1.0,73.7,6992.93,2605.24,0.25,4.61
17:01:47,1.4,73.7,6992.93,2605.25,0.3,4.64
17:01:48,2.2,73.7,6992.93,2605.35,0.3,4.64
17:01:49,0.9,73.7,6992.93,2605.35,0.25,4.61
17:01:50,1.5,73.7,6992.93,2605.37,0.25,4.61
17:01:51,1.3,73.8,6992.93,2605.49,58.45,9.06
17:01:52,0.9,73.9,6992.93,2605.55,58.5,9.15
17:01:53,1.7,73.9,6992.93,2605.55,0.36,4.78
17:01:54,1.0,73.9,6992.93,2605.57,0.31,4.69
17:01:55,1.2,73.8,6992.93,2605.58,0.0,0.0
17:01:56,3.6,73.7,6992.93,2605.59,0.0,0.0
17:01:57,7.2,74.1,6992.96,2606.65,0.0,0.0
17:01:58,1.0,74.0,6992.96,2606.69,0.0,0.0
17:01:59,8.0,74.2,6992.96,2607.31,2.24,5.39
17:02:00,2.5,74.4,6992.96,2607.51,103.45,71.51
17:02:01,5.1,74.3,6992.96,2608.23,150.32,91.58
17:02:02,5.7,74.5,6993.12,2609.15,81.0,42.29
17:02:03,2.3,74.5,6993.12,2609.5,71.06,27.89
17:02:04,2.0,74.6,6993.12,2609.58,45.06,16.71
17:02:05,1.6,74.5,6993.12,2609.69,23.8,27.64
17:02:06,2.5,74.5,6993.12,2609.9,18.43,22.04
17:02:07,2.2,74.4,6993.12,2609.99,1.69,5.08
17:02:08,2.2,74.4,6993.12,2609.99,2.09,5.55
17:02:09,1.8,74.4,6993.12,2610.06,1.53,9.02
17:02:10,1.5,74.4,6993.12,2610.21,1.49,8.5
17:02:11,0.8,74.4,6993.12,2610.28,2.74,0.45
17:02:12,1.9,74.4,6993.12,2610.28,3.68,5.32
17:02:14,0.7,74.4,6993.12,2610.33,2.74,4.87
17:02:14,1.5,74.4,6993.12,2610.35,3.12,4.91
17:02:16,2.0,74.4,6993.12,2610.42,2.34,5.38
17:02:16,1.6,74.3,6993.12,2610.42,0.45,5.05
17:02:18,0.9,74.4,6993.12,2610.44,4.41,6.03
17:02:18,1.0,74.4,6993.12,2610.78,9.65,11.0
17:02:20,2.3,74.8,6993.12,2610.81,5.92,9.55
17:02:21,2.7,74.5,6993.12,2610.83,0.93,4.62
17:02:22,1.0,74.7,6993.12,2611.38,0.63,4.68
17:02:23,1.2,74.6,6993.12,2611.49,0.6,6.84
17:02:24,0.8,74.5,6993.12,2611.61,0.66,6.84
17:02:25,2.3,74.6,6993.12,2611.61,0.44,4.62
17:02:26,0.9,74.7,6993.12,2611.65,0.38,4.55
17:02:27,1.7,74.7,6993.12,2611.74,1.98,6.79
17:02:28,2.9,74.7,6993.12,2611.76,2.68,6.85
17:02:29,4.2,74.8,6993.12,2611.78,1.38,4.74
17:02:30,1.5,74.8,6993.12,2611.98,1.51,4.67
17:02:31,3.9,74.8,6993.12,2612.41,2.11,7.03
17:02:32,1.6,74.8,6993.12,2612.72,1.84,7.58
17:02:33,2.3,74.8,6993.12,2612.72,1.74,5.38
17:02:34,3.5,74.7,6993.12,2612.8,2.34,4.96
17:02:35,2.0,74.7,6993.12,2612.98,1.83,4.83
17:02:36,2.7,73.8,6993.66,2613.33,2.0,5.12
17:02:38,1.7,73.9,6993.66,2613.42,2.81,4.73
17:02:40,2.4,73.7,6993.71,2613.55,2.65,2.7
17:02:42,1.9,73.8,6993.71,2613.58,2.93,2.61
17:02:44,1.4,74.1,6993.71,2613.85,1.67,2.54
17:02:46,1.8,73.9,6993.71,2614.13,0.9,2.65
17:02:48,3.9,73.9,6994.3,2614.56,3.73,3.7
